sample_name,species,common_genome_name,authority,ftp_file_path,file_type,description
GRCh38.p14-fasta-no-alt-analysis, homo_sapiens, hg38, ncbi, https://ftp.ncbi.nlm.nih.gov/genomes/all/GCF/000/001/405/GCF_000001405.40_GRCh38.p14/GRCh38_major_release_seqs_for_alignment_pipelines/GCA_000001405.15_GRCh38_no_alt_analysis_set.fna.gz, fasta, GCA_000001405.15 GRCh38_no_alt_analysis from NCBI 
GRCh38.p14-fasta-full-analysis, homo_sapiens, hg38, ncbi, https://ftp.ncbi.nlm.nih.gov/genomes/all/GCF/000/001/405/GCF_000001405.40_GRCh38.p14/GRCh38_major_release_seqs_for_alignment_pipelines/GCA_000001405.15_GRCh38_full_analysis_set.fna.gz, fasta, GCA_000001405.15_GRCh38_full_analysis_set from NCBI
GRCh38.p14-fasta-genomic, homo_sapiens, hg38, ncbi, https://ftp.ncbi.nlm.nih.gov/genomes/all/GCF/000/001/405/GCF_000001405.40_GRCh38.p14/GCF_000001405.40_GRCh38.p14_genomic.fna.gz, fasta, GCF_000001405.40_GRCh38.p14_genomic from NCBI
GRCh38.p14-fasta-full-analysis-plus-hs38d1, homo_sapiens, hg38, ncbi, https://ftp.ncbi.nlm.nih.gov/genomes/all/GCF/000/001/405/GCF_000001405.40_GRCh38.p14/GRCh38_major_release_seqs_for_alignment_pipelines/GCA_000001405.15_GRCh38_full_plus_hs38d1_analysis_set.fna.gz, fasta, GCA_000001405.15_GRCh38_full_analysis_set from NCBI plus hs38d1 decoy sequences
GRCh38.p14-fasta-no-alt-plus-hs38d1, homo_sapiens, hg38, ncbi, https://ftp.ncbi.nlm.nih.gov/genomes/all/GCF/000/001/405/GCF_000001405.40_GRCh38.p14/GRCh38_major_release_seqs_for_alignment_pipelines/GCA_000001405.15_GRCh38_no_alt_plus_hs38d1_analysis_set.fna.gz, fasta, GCA_000001405.15_GRCh38_no_alt_plus_hs38d1_analysis_set from NCBI plus hs38d1 decoy sequences
GRCh37.p13-fasta-no-alt-analysis, homo_sapiens, hg19, ncbi, https://ftp.ncbi.nlm.nih.gov/genomes/all/GCF/000/001/405/GCF_000001405.25_GRCh37.p13/GRCh37_seqs_for_alignment_pipelines/GCA_000001405.14_GRCh37.p13_no_alt_analysis_set.fna.gz, fasta, GCA_000001405.14_GRCh37.p13_no_alt_analysis from NCBI
GRCh37.p13-fasta-full-analysis, homo_sapiens, hg19, ncbi, https://ftp.ncbi.nlm.nih.gov/genomes/all/GCF/000/001/405/GCF_000001405.25_GRCh37.p13/GRCh37_seqs_for_alignment_pipelines/GCA_000001405.14_GRCh37.p13_full_analysis_set.fna.gz, fasta, GCA_000001405.14_GRCh37.p13_full_analysis_set from NCBI
GRCh37.p13-fasta-genomic, homo_sapiens, hg19, ncbi, https://ftp.ncbi.nlm.nih.gov/genomes/all/GCF/000/001/405/GCF_000001405.25_GRCh37.p13/GCF_000001405.25_GRCh37.p13_genomic.fna.gz, fasta, GCF_000001405.25_GRCh37.p13_genomic from NCBI
hg38-initial-ucsc, homo_sapiens, hg38, ucsc, https://hgdownload.soe.ucsc.edu/goldenPath/hg38/bigZips/hg38.fa.gz, fasta, hg38 from UCSC representing initial 2013 release
hg38-p14-ucsc, homo_sapiens, hg38, ucsc, https://hgdownload.soe.ucsc.edu/goldenPath/hg38/bigZips/p14/hg38.p14.fa.gz, fasta, hg38 from UCSC patch 14
hg19-initial-ucsc, homo_sapiens, hg19, ucsc, https://hgdownload.soe.ucsc.edu/goldenPath/hg19/bigZips/hg19.fa.gz, fasta, hg19 from UCSC representing initial 2009 release
hg19-masked-ucsc, homo_sapiens, hg19, ucsc, https://hgdownload.soe.ucsc.edu/goldenPath/hg19/bigZips/hg19.fa.masked.gz, fasta, masked hg19 from UCSC representing initial 2009 release
hg19-p13-full-analysis-ucsc, homo_sapiens, hg19, ucsc, https://hgdownload.soe.ucsc.edu/goldenPath/hg19/bigZips/analysisSet/hg19.p13.plusMT.full_analysis_set.fa.gz, fasta, full analysis set hg19 p13 from ucsc
hg19-p13-no-alt-analysis-ucsc, homo_sapiens, hg19, ucsc, https://hgdownload.soe.ucsc.edu/goldenPath/hg19/bigZips/analysisSet/hg19.p13.plusMT.no_alt_analysis_set.fa.gz, fasta, no alt analysis set hg19 p13 from ucsc
hg19-p13-plusMT-ucsc, homo_sapiens, hg19, ucsc, https://hgdownload.gi.ucsc.edu/goldenPath/hg19/bigZips/p13.plusMT/hg19.p13.plusMT.fa.gz, fasta, hg19 p13 plusMT from ucsc
hg19-p13-plusMT-masked-ucsc, homo_sapiens, hg19, ucsc, https://hgdownload.gi.ucsc.edu/goldenPath/hg19/bigZips/p13.plusMT/hg19.p13.plusMT.fa.masked.gz, fasta, hg19 p13 plusMT masked from ucsc
hg38-primary-113-ensembl, homo_sapiens, hg38, ensembl, https://ftp.ensembl.org/pub/release-113/fasta/homo_sapiens/dna/Homo_sapiens.GRCh38.dna.primary_assembly.fa.gz, fasta, primary fasta of GRCh38 release 113
hg38-toplevel-113-ensembl, homo_sapiens, hg38, ensembl, https://ftp.ensembl.org/pub/release-113/fasta/homo_sapiens/dna/Homo_sapiens.GRCh38.dna.toplevel.fa.gz, fasta, top level fasta of GRCh38 release 113
hg38-alt-113-ensembl, homo_sapiens, hg38, ensembl, https://ftp.ensembl.org/pub/release-113/fasta/homo_sapiens/dna/Homo_sapiens.GRCh38.dna.alt.fa.gz, fasta, alt sites fasta of GRCh38 release 113
hg38-alt-rm-113-ensembl, homo_sapiens, hg38, ensembl, https://ftp.ensembl.org/pub/release-113/fasta/homo_sapiens/dna/Homo_sapiens.GRCh38.dna_rm.alt.fa.gz, fasta, alt rm sites fasta of GRCh38 release 113
hg38-toplevel-rm-113-ensembl, homo_sapiens, hg38, ensembl, https://ftp.ensembl.org/pub/release-113/fasta/homo_sapiens/dna/Homo_sapiens.GRCh38.dna_rm.toplevel.fa.gz, fasta, top level rm fasta of GRCh38 release 113
hg38-primary-rm-113-ensembl, homo_sapiens, hg38, ensembl, https://ftp.ensembl.org/pub/release-113/fasta/homo_sapiens/dna/Homo_sapiens.GRCh38.dna_rm.primary_assembly.fa.gz, fasta,  primary fasta rm fasta of GRCh38 release 113
hg38-alt-sm-113-ensembl, homo_sapiens, hg38, ensembl, https://ftp.ensembl.org/pub/release-113/fasta/homo_sapiens/dna/Homo_sapiens.GRCh38.dna_sm.alt.fa.gz, fasta, alt sm sites fasta of GRCh38 release 113
hg38-toplevel-sm-113-ensembl, homo_sapiens, hg38, ensembl, https://ftp.ensembl.org/pub/release-113/fasta/homo_sapiens/dna/Homo_sapiens.GRCh38.dna_sm.toplevel.fa.gz, fasta, top level sm fasta of GRCh38 release 113
hg38-primary-sm-113-ensembl, homo_sapiens, hg38, ensembl, https://ftp.ensembl.org/pub/release-113/fasta/homo_sapiens/dna/Homo_sapiens.GRCh38.dna_sm.primary_assembly.fa.gz, fasta,  primary fasta sm fasta of GRCh38 release 113
GRCh38-ena, homo_sapiens, hg38, ENA, https://www.ebi.ac.uk/ena/browser/api/fasta/GCA_000001405.29?download=true&gzip=true, fasta, ref genome hosted on ENA
GRCh38-p14-47-gencode, homo_sapiens, hg38, gencode, https://ftp.ebi.ac.uk/pub/databases/gencode/Gencode_human/release_47/GRCh38.p14.genome.fa.gz, fasta, release 47 of gencode GRCh38
GRCh38-primary-assembly-47-gencode, homo_sapiens, hg38, gencode, https://ftp.ebi.ac.uk/pub/databases/gencode/Gencode_human/release_47/GRCh38.primary_assembly.genome.fa.gz, fasta, release 47 of gencode primary assembly GRCh38
GRCh37-primary-assembly-47-gencode, homo_sapiens, hg19, gencode, https://ftp.ebi.ac.uk/pub/databases/gencode/Gencode_human/release_47/GRCh37_mapping/GRCh37.primary_assembly.genome.fa.gz, fasta, release 47 of gencode primary assembly GRCh37
GRCh38-p14-46-gencode, homo_sapiens, hg38, gencode, https://ftp.ebi.ac.uk/pub/databases/gencode/Gencode_human/release_46/GRCh38.p14.genome.fa.gz, fasta, release 46 of gencode GRCh38
GRCh38-primary-assembly-46-gencode, homo_sapiens, hg38, gencode, https://ftp.ebi.ac.uk/pub/databases/gencode/Gencode_human/release_46/GRCh38.primary_assembly.genome.fa.gz, fasta, release 46 of gencode primary assembly GRCh38
GRCh37-primary-assembly-46-gencode, homo_sapiens, hg19, gencode, https://ftp.ebi.ac.uk/pub/databases/gencode/Gencode_human/release_46/GRCh37_mapping/GRCh37.primary_assembly.genome.fa.gz, fasta, release 46 of gencode primary assembly GRCh37
hg18-ucsc,homo_sapiens,hg18,ucsc,https://hgdownload.cse.ucsc.edu/goldenpath/hg18/bigZips/hg18.fa.gz,fasta, 2006 release of hg18 ucsc
GRCh37-igenomes-ensembl, homo_sapiens, hg19, igenomes, https://s3.amazonaws.com/igenomes.illumina.com/Homo_sapiens/Ensembl/GRCh37/Homo_sapiens_Ensembl_GRCh37.tar.gz, fasta, igenomes hosted GRCh37 FAILS NOT SINGLE FASTA FILE
GRCh38-igenomes-ncbi, homo_sapiens, hg38, igenomes, https://s3.amazonaws.com/igenomes.illumina.com/Homo_sapiens/NCBI/GRCh38/Homo_sapiens_NCBI_GRCh38.tar.gz, fasta, igenomes hosted GRCh38 FAILS NOT SINGLE FASTA FILE
GRCh38-igenomes-build37-2-ncbi, homo_sapiens, hg38, igenomes, https://s3.amazonaws.com/igenomes.illumina.com/Homo_sapiens/NCBI/build37.2/Homo_sapiens_NCBI_build37.2.tar.gz, fasta, igenomes hosted GRCh38 build 37.2 FAILS NOT SINGLE FASTA FILE
GRCh38-igenomes-build37-1-ncbi, homo_sapiens, hg38, igenomes, https://s3.amazonaws.com/igenomes.illumina.com/Homo_sapiens/NCBI/build37.1/Homo_sapiens_NCBI_build37.1.tar.gz, fasta, igenomes hosted GRCh38 build 37.1 FAILS NOT SINGLE FASTA FILE
GRCh38-igenomes-build36-3-ncbi, homo_sapiens, hg38, igenomes, https://s3.amazonaws.com/igenomes.illumina.com/Homo_sapiens/NCBI/build36.3/Homo_sapiens_NCBI_build36.3.tar.gz, fasta, igenomes hosted GRCh38 build 36.3 FAILS NOT SINGLE FASTA FILE
GRCh38-igenomes-decoy-ncbi, homo_sapiens, hg38, igenomes, https://s3.amazonaws.com/igenomes.illumina.com/Homo_sapiens/NCBI/GRCh38Decoy/Homo_sapiens_NCBI_GRCh38Decoy.tar.gz, fasta, igenomes hosted GRCh38 decoy FAILS NOT SINGLE FASTA FILE
hg38-igenomes-ucsc, homo_sapiens, hg38, igenomes, http://igenomes.illumina.com.s3-website-us-east-1.amazonaws.com/Homo_sapiens/UCSC/hg38/Homo_sapiens_UCSC_hg38.tar.gz, fasta, igenomes hosted hg38 FAILS NOT SINGLE FASTA FILE
hg19-igenomes-ucsc, homo_sapiens, hg19, igenomes, http://igenomes.illumina.com.s3-website-us-east-1.amazonaws.com/Homo_sapiens/UCSC/hg19/Homo_sapiens_UCSC_hg19.tar.gz, fasta, igenomes hosted hg19 FAILS NOT SINGLE FASTA FILE
hg18-igenomes-ucsc, homo_sapiens, hg18, igenomes, http://igenomes.illumina.com.s3-website-us-east-1.amazonaws.com/Homo_sapiens/UCSC/hg18/Homo_sapiens_UCSC_hg18.tar.gz, fasta, igenomes hosted hg18 FAILS NOT SINGLE FASTA FILE
hs37-1kg-ncbi, homo_sapiens, hg19, ncbi, ftp://ftp-trace.ncbi.nih.gov/1000genomes/ftp/technical/reference/human_g1k_v37.fasta.gz, fasta, hs37-1kg genome referenced on HL blog 2017 FAILS WILL NOT EXTRACT
hs37d5-ncbi, homo_sapiens, hg19, ncbi, ftp://ftp-trace.ncbi.nih.gov/1000genomes/ftp/technical/reference/phase2_reference_assembly_sequence/hs37d5.fa.gz, fasta, hs37d5 genome referenced on HL blog 2017 FAILS WILL NOT EXTRACT